{
  "version": 1,
  "dataset": "literature-prototype-bootstrap",
  "citation": "Bootstrap model from EmotionalCanines label schema + Yin/Moln\u00e1r/Pongr\u00e1cz acoustic trends",
  "featureNames": [
    "log_duration",
    "rms",
    "spectral_centroid",
    "spectral_rolloff",
    "zero_crossing_rate",
    "low_band_ratio",
    "mid_band_ratio",
    "high_band_ratio",
    "f0_mean",
    "f0_std",
    "harmonicity",
    "bark_count",
    "mean_inter_bark_ms",
    "repetition_rate_hz"
  ],
  "samplesTrained": 720,
  "crossValidation": {
    "arousalAccuracy": 0.0,
    "valenceAccuracy": 0.0,
    "note": "Replace by running train_emotion_classifier.py on EmotionalCanines when Hugging Face access is available."
  },
  "arousal": {
    "classes": [
      "High",
      "Low",
      "Medium"
    ],
    "mean": [
      0.5691530820557392,
      0.3403021811836952,
      1172.9930727250876,
      2129.597025926671,
      0.060060739286109964,
      0.3089877247573758,
      0.3919641173108671,
      0.2989864264945763,
      273.9168434529322,
      54.705055367482835,
      0.5046117092974679,
      2.9878771663905814,
      588.3920591474081,
      1.9918625396509586
    ],
    "scale": [
      0.19512192078315269,
      0.1431623877476373,
      238.33327030143198,
      439.8527327871089,
      0.017158655112497367,
      0.033231423686358084,
      0.03933511919937307,
      0.022879033350537356,
      47.618013017018825,
      24.89707288561078,
      0.07505151563966372,
      1.654822220260789,
      241.51028691099503,
      0.8442612025575578
    ],
    "coefficients": [
      [
        -0.7245665717555688,
        0.9430262796709217,
        0.5686533854818904,
        0.5333157163163631,
        0.7560859228293182,
        0.4393582714636226,
        -0.3051572684561192,
        0.016560685428564863,
        0.586581527584803,
        0.8341203370606475,
        -0.7047666240913626,
        0.8496044320828928,
        -0.7085959865806118,
        1.014390917955045
      ],
      [
        0.8609904507697491,
        -0.7169672552731737,
        -0.7569273937621944,
        -0.7713319692366889,
        -0.8125182656339274,
        -0.28815937323960816,
        0.21073991065517486,
        -0.027559998078307796,
        -0.7128482299950405,
        -0.8871238648178654,
        0.4406670042388786,
        -0.8976897701388294,
        0.9486218082450175,
        -0.6088531748422168
      ],
      [
        -0.1364238790141801,
        -0.22605902439774792,
        0.18827400828030386,
        0.23801625292032558,
        0.05643234280460902,
        -0.15119889822401536,
        0.09441735780094535,
        0.010999312649743152,
        0.12626670241023658,
        0.0530035277572174,
        0.26409961985248454,
        0.04808533805593577,
        -0.24002582166440597,
        -0.40553774311282903
      ]
    ],
    "intercept": [
      -1.5742809169624028,
      -1.7044464443456475,
      3.2787273613080443
    ]
  },
  "valence": {
    "classes": [
      "Negative",
      "Neutral",
      "Positive"
    ],
    "mean": [
      0.5249711765406023,
      0.39305311750921945,
      1123.3956464842227,
      2096.7205097683227,
      0.06837799444919945,
      0.3398066549064883,
      0.38892197104173554,
      0.2726631622573955,
      253.9696628533492,
      48.07385617666532,
      0.4920432339605064,
      2.986744787952549,
      516.1595993053367,
      2.158748957981937
    ],
    "scale": [
      0.10863086337369549,
      0.06799506506980633,
      236.98848200584595,
      362.4633051716919,
      0.013704214207368963,
      0.09790272623305463,
      0.049893660549607484,
      0.05926837296621956,
      69.78119604554983,
      24.881834123459537,
      0.14519009132066668,
      0.8542204245195141,
      160.8661461552701,
      0.8261722098565937
    ],
    "coefficients": [
      [
        0.5505115646554142,
        0.5881360743034946,
        -0.5047359612772263,
        -0.41605361312554556,
        0.5405984432969072,
        0.633365977090528,
        -0.4081505842199676,
        -0.5990045842691908,
        -0.5494201710066264,
        -0.4492098642180411,
        -0.5245976092081014,
        0.5070048753211959,
        -0.7281494621506638,
        0.7258729717568659
      ],
      [
        0.0728420314223755,
        -0.6993800398932563,
        -0.15736043520110218,
        -0.19638809839068969,
        -0.03473918868779484,
        -0.03041983312263862,
        0.032884258294535715,
        0.06490080483323843,
        -0.26245783381492765,
        -0.8340288881893687,
        -0.3104014095996584,
        0.49874301692055983,
        0.3510775210458562,
        -0.48726426425529473
      ],
      [
        -0.6233535960777874,
        0.11124396558976386,
        0.6620963964783261,
        0.6124417115162327,
        -0.5058592546091099,
        -0.6029461439678871,
        0.3752663259254291,
        0.5341037794359501,
        0.8118780048215517,
        1.2832387524074078,
        0.8349990188077566,
        -1.005747892241753,
        0.37707194110480646,
        -0.2386087075015687
      ]
    ],
    "intercept": [
      -0.24557229227350688,
      2.6634396186107163,
      -2.4178673263372215
    ]
  }
}